{
  "ts": 1761591660.0903814,
  "ts_iso": "2025-10-27T19:01:00.090490Z",
  "system": {
    "cpu_percent": 35.9,
    "mem_percent": 45.4,
    "mem_available_gb": 34.29023742675781,
    "disk_percent": 72.3,
    "disk_free_gb": 13.005111694335938
  },
  "process": {
    "memory_mb": 15.125
  },
  "api": {
    "healthy": true,
    "latency_sec": 0.0038847923278808594
  },
  "health": {
    "governance_status": "unknown",
    "ops_warnings": [],
    "overall": "healthy"
  }
}