{
  "ts": 1762426801.7378862,
  "ts_iso": "2025-11-06T11:00:01.738384Z",
  "system": {
    "cpu_percent": 50.3,
    "mem_percent": 47.5,
    "mem_available_gb": 32.975799560546875,
    "disk_percent": 64.3,
    "disk_free_gb": 16.80758285522461
  },
  "process": {
    "memory_mb": 15.5546875
  },
  "api": {
    "healthy": true,
    "latency_sec": 0.00896763801574707
  },
  "health": {
    "governance_status": "unknown",
    "ops_warnings": [],
    "overall": "healthy"
  }
}