{
  "ts": 1761044433.5944505,
  "ts_iso": "2025-10-21T11:00:33.594452Z",
  "system": {
    "cpu_percent": 53.2,
    "mem_percent": 44.0,
    "mem_available_gb": 35.178253173828125,
    "disk_percent": 64.6,
    "disk_free_gb": 16.646446228027344
  },
  "process": {
    "memory_mb": 14.625
  },
  "api": {
    "healthy": true,
    "latency_sec": 0.01084589958190918
  },
  "health": {
    "governance_status": "unknown",
    "ops_warnings": [],
    "overall": "healthy"
  }
}