{
  "ts": 1761584412.594889,
  "ts_iso": "2025-10-27T17:00:12.594996Z",
  "system": {
    "cpu_percent": 32.1,
    "mem_percent": 41.5,
    "mem_available_gb": 36.75142288208008,
    "disk_percent": 81.3,
    "disk_free_gb": 8.809154510498047
  },
  "process": {
    "memory_mb": 14.625
  },
  "api": {
    "healthy": true,
    "latency_sec": 0.0049741268157958984
  },
  "health": {
    "governance_status": "unknown",
    "ops_warnings": [],
    "overall": "healthy"
  }
}