{
  "ts": 1760997635.4099317,
  "ts_iso": "2025-10-20T22:00:35.409933Z",
  "system": {
    "cpu_percent": 39.9,
    "mem_percent": 47.7,
    "mem_available_gb": 32.816463470458984,
    "disk_percent": 76.4,
    "disk_free_gb": 11.085174560546875
  },
  "process": {
    "memory_mb": 14.75
  },
  "api": {
    "healthy": true,
    "latency_sec": 0.04587817192077637
  },
  "health": {
    "governance_status": "healthy",
    "ops_warnings": [],
    "overall": "healthy"
  }
}