{
  "ts": 1761040858.4659338,
  "ts_iso": "2025-10-21T10:00:58.465935Z",
  "system": {
    "cpu_percent": 45.8,
    "mem_percent": 47.4,
    "mem_available_gb": 33.04056167602539,
    "disk_percent": 64.2,
    "disk_free_gb": 16.824710845947266
  },
  "process": {
    "memory_mb": 14.625
  },
  "api": {
    "healthy": true,
    "latency_sec": 0.0036842823028564453
  },
  "health": {
    "governance_status": "unknown",
    "ops_warnings": [],
    "overall": "healthy"
  }
}