{
  "ts": 1760986829.7659826,
  "ts_iso": "2025-10-20T19:00:29.765985Z",
  "system": {
    "cpu_percent": 78.1,
    "mem_percent": 32.7,
    "mem_available_gb": 42.2627067565918,
    "disk_percent": 62.8,
    "disk_free_gb": 17.48186492919922
  },
  "process": {
    "memory_mb": 14.375
  },
  "api": {
    "healthy": true,
    "latency_sec": 0.037908077239990234
  },
  "health": {
    "governance_status": "healthy",
    "ops_warnings": [],
    "overall": "healthy"
  }
}