{
  "ts": 1761033659.7176723,
  "ts_iso": "2025-10-21T08:00:59.717673Z",
  "system": {
    "cpu_percent": 41.9,
    "mem_percent": 32.4,
    "mem_available_gb": 42.46760177612305,
    "disk_percent": 64.4,
    "disk_free_gb": 16.75800323486328
  },
  "process": {
    "memory_mb": 14.75
  },
  "api": {
    "healthy": true,
    "latency_sec": 0.0033614635467529297
  },
  "health": {
    "governance_status": "healthy",
    "ops_warnings": [],
    "overall": "healthy"
  }
}