{
  "ts": 1761598823.2533996,
  "ts_iso": "2025-10-27T21:00:23.253545Z",
  "system": {
    "cpu_percent": 41.3,
    "mem_percent": 38.6,
    "mem_available_gb": 38.53717803955078,
    "disk_percent": 74.4,
    "disk_free_gb": 12.05019760131836
  },
  "process": {
    "memory_mb": 14.75
  },
  "api": {
    "healthy": true,
    "latency_sec": 0.004861354827880859
  },
  "health": {
    "governance_status": "unknown",
    "ops_warnings": [],
    "overall": "healthy"
  }
}