{
  "ts": 1761577256.1616273,
  "ts_iso": "2025-10-27T15:00:56.161842Z",
  "system": {
    "cpu_percent": 78.2,
    "mem_percent": 54.5,
    "mem_available_gb": 28.587249755859375,
    "disk_percent": 81.3,
    "disk_free_gb": 8.787139892578125
  },
  "process": {
    "memory_mb": 15.125
  },
  "api": {
    "healthy": true,
    "latency_sec": 0.008025884628295898
  },
  "health": {
    "governance_status": "unknown",
    "ops_warnings": [],
    "overall": "healthy"
  }
}