{
  "ts": 1761001235.4287689,
  "ts_iso": "2025-10-20T23:00:35.428770Z",
  "system": {
    "cpu_percent": 70.5,
    "mem_percent": 44.3,
    "mem_available_gb": 34.970767974853516,
    "disk_percent": 76.1,
    "disk_free_gb": 11.226322174072266
  },
  "process": {
    "memory_mb": 14.5
  },
  "api": {
    "healthy": true,
    "latency_sec": 0.03690934181213379
  },
  "health": {
    "governance_status": "healthy",
    "ops_warnings": [],
    "overall": "healthy"
  }
}