{
  "ts": 1761595235.4784238,
  "ts_iso": "2025-10-27T20:00:35.478551Z",
  "system": {
    "cpu_percent": 43.1,
    "mem_percent": 40.1,
    "mem_available_gb": 37.6314697265625,
    "disk_percent": 73.2,
    "disk_free_gb": 12.60519027709961
  },
  "process": {
    "memory_mb": 15.0
  },
  "api": {
    "healthy": true,
    "latency_sec": 0.0039784908294677734
  },
  "health": {
    "governance_status": "unknown",
    "ops_warnings": [],
    "overall": "healthy"
  }
}