{
  "ts": 1761037225.2466586,
  "ts_iso": "2025-10-21T09:00:25.246660Z",
  "system": {
    "cpu_percent": 58.4,
    "mem_percent": 48.0,
    "mem_available_gb": 32.658817291259766,
    "disk_percent": 63.9,
    "disk_free_gb": 16.999099731445312
  },
  "process": {
    "memory_mb": 14.5
  },
  "api": {
    "healthy": true,
    "latency_sec": 0.003916501998901367
  },
  "health": {
    "governance_status": "healthy",
    "ops_warnings": [],
    "overall": "healthy"
  }
}