{
  "ts": 1761580835.524862,
  "ts_iso": "2025-10-27T16:00:35.524977Z",
  "system": {
    "cpu_percent": 50.3,
    "mem_percent": 47.2,
    "mem_available_gb": 33.19225311279297,
    "disk_percent": 81.2,
    "disk_free_gb": 8.851455688476562
  },
  "process": {
    "memory_mb": 14.875
  },
  "api": {
    "healthy": true,
    "latency_sec": 0.0054759979248046875
  },
  "health": {
    "governance_status": "unknown",
    "ops_warnings": [],
    "overall": "healthy"
  }
}