{
  "ts": 1761012060.558579,
  "ts_iso": "2025-10-21T02:01:00.558580Z",
  "system": {
    "cpu_percent": 42.7,
    "mem_percent": 49.4,
    "mem_available_gb": 31.778488159179688,
    "disk_percent": 76.0,
    "disk_free_gb": 11.275146484375
  },
  "process": {
    "memory_mb": 14.5
  },
  "api": {
    "healthy": true,
    "latency_sec": 0.010221004486083984
  },
  "health": {
    "governance_status": "healthy",
    "ops_warnings": [],
    "overall": "healthy"
  }
}