{
  "ts": 1761004158.6537046,
  "ts_iso": "2025-10-20T23:49:18.653706Z",
  "summary": {
    "matched": 0,
    "amount_mismatch": 0,
    "missing_in_ledger": 0,
    "total": 0
  },
  "items": []
}