{
  "ts": 1761043181.94363,
  "ts_iso": "2025-10-21T10:39:41.943632Z",
  "summary": {
    "matched": 0,
    "amount_mismatch": 0,
    "missing_in_ledger": 0,
    "total": 0
  },
  "items": []
}