{
  "ts": 1760996151.7485156,
  "ts_iso": "2025-10-20T21:35:51.748517Z",
  "summary": {
    "matched": 0,
    "amount_mismatch": 0,
    "missing_in_ledger": 0,
    "total": 0
  },
  "items": []
}