{
  "ts": 1761045933.1594172,
  "ts_iso": "2025-10-21T11:25:33.159419Z",
  "summary": {
    "matched": 0,
    "amount_mismatch": 0,
    "missing_in_ledger": 0,
    "total": 0
  },
  "items": []
}