{
  "ts": 1761572867.4282935,
  "ts_iso": "2025-10-27T13:47:47.428349Z",
  "summary": {
    "matched": 0,
    "amount_mismatch": 0,
    "missing_in_ledger": 0,
    "total": 0
  },
  "items": []
}