{
  "ts": 1760982041.6195743,
  "ts_iso": "2025-10-20T17:40:41.619575Z",
  "summary": {
    "matched": 0,
    "amount_mismatch": 0,
    "missing_in_ledger": 0,
    "total": 0
  },
  "items": []
}