{
  "ts": 1761009373.2709923,
  "ts_iso": "2025-10-21T01:16:13.270994Z",
  "summary": {
    "matched": 0,
    "amount_mismatch": 0,
    "missing_in_ledger": 0,
    "total": 0
  },
  "items": []
}