{
  "ts": 1760994423.3644528,
  "ts_iso": "2025-10-20T21:07:03.364454Z",
  "summary": {
    "matched": 0,
    "amount_mismatch": 0,
    "missing_in_ledger": 0,
    "total": 0
  },
  "items": []
}