{
  "ts": 1761585026.9630861,
  "ts_iso": "2025-10-27T17:10:26.963167Z",
  "summary": {
    "matched": 0,
    "amount_mismatch": 0,
    "missing_in_ledger": 0,
    "total": 0
  },
  "items": []
}