{
  "ts": 1761565089.5956664,
  "ts_iso": "2025-10-27T11:38:09.595668Z",
  "summary": {
    "matched": 0,
    "amount_mismatch": 0,
    "missing_in_ledger": 0,
    "total": 0
  },
  "items": []
}