{
  "ts": 1761033034.3413143,
  "ts_iso": "2025-10-21T07:50:34.341316Z",
  "summary": {
    "matched": 0,
    "amount_mismatch": 0,
    "missing_in_ledger": 0,
    "total": 0
  },
  "items": []
}