{
  "ts": 1761010750.0176818,
  "ts_iso": "2025-10-21T01:39:10.017684Z",
  "summary": {
    "matched": 0,
    "amount_mismatch": 0,
    "missing_in_ledger": 0,
    "total": 0
  },
  "items": []
}