{
  "ts": 1761000011.6445072,
  "ts_iso": "2025-10-20T22:40:11.644509Z",
  "summary": {
    "matched": 0,
    "amount_mismatch": 0,
    "missing_in_ledger": 0,
    "total": 0
  },
  "items": []
}