{
  "ts": 1762402269.6165833,
  "ts_iso": "2025-11-06T04:11:09.616634Z",
  "summary": {
    "matched": 0,
    "amount_mismatch": 0,
    "missing_in_ledger": 0,
    "total": 0
  },
  "items": []
}