{
  "ts": 1760981320.220261,
  "ts_iso": "2025-10-20T17:28:40.220263Z",
  "summary": {
    "matched": 0,
    "amount_mismatch": 0,
    "missing_in_ledger": 0,
    "total": 0
  },
  "items": []
}