{
  "ts": 1761030716.7374089,
  "ts_iso": "2025-10-21T07:11:56.737411Z",
  "summary": {
    "matched": 0,
    "amount_mismatch": 0,
    "missing_in_ledger": 0,
    "total": 0
  },
  "items": []
}