{
  "ts": 1760983507.2078319,
  "ts_iso": "2025-10-20T18:05:07.207833Z",
  "summary": {
    "matched": 0,
    "amount_mismatch": 0,
    "missing_in_ledger": 0,
    "total": 0
  },
  "items": []
}