{
  "ts": 1761032091.5687902,
  "ts_iso": "2025-10-21T07:34:51.568792Z",
  "summary": {
    "matched": 0,
    "amount_mismatch": 0,
    "missing_in_ledger": 0,
    "total": 0
  },
  "items": []
}