{
  "ts": 1760999275.7217133,
  "ts_iso": "2025-10-20T22:27:55.721715Z",
  "summary": {
    "matched": 0,
    "amount_mismatch": 0,
    "missing_in_ledger": 0,
    "total": 0
  },
  "items": []
}