{
  "ts": 1762423641.1531198,
  "ts_iso": "2025-11-06T10:07:21.153188Z",
  "summary": {
    "matched": 0,
    "amount_mismatch": 0,
    "missing_in_ledger": 0,
    "total": 0
  },
  "items": []
}