{
  "ts": 1760998216.90348,
  "ts_iso": "2025-10-20T22:10:16.903482Z",
  "summary": {
    "matched": 0,
    "amount_mismatch": 0,
    "missing_in_ledger": 0,
    "total": 0
  },
  "items": []
}