{
  "ts": 1761012782.011216,
  "ts_iso": "2025-10-21T02:13:02.011217Z",
  "summary": {
    "matched": 0,
    "amount_mismatch": 0,
    "missing_in_ledger": 0,
    "total": 0
  },
  "items": []
}