{
  "ts": 1760986097.075472,
  "ts_iso": "2025-10-20T18:48:17.075474Z",
  "summary": {
    "matched": 0,
    "amount_mismatch": 0,
    "missing_in_ledger": 0,
    "total": 0
  },
  "items": []
}