{
  "ts": 1761036300.9422252,
  "ts_iso": "2025-10-21T08:45:00.942227Z",
  "summary": {
    "matched": 0,
    "amount_mismatch": 0,
    "missing_in_ledger": 0,
    "total": 0
  },
  "items": []
}