{
  "ts": 1760982620.6470146,
  "ts_iso": "2025-10-20T17:50:20.647016Z",
  "summary": {
    "matched": 0,
    "amount_mismatch": 0,
    "missing_in_ledger": 0,
    "total": 0
  },
  "items": []
}