{
  "ts": 1761049028.3940032,
  "ts_iso": "2025-10-21T12:17:08.394005Z",
  "summary": {
    "matched": 0,
    "amount_mismatch": 0,
    "missing_in_ledger": 0,
    "total": 0
  },
  "items": []
}