{
  "ts": 1760983110.687771,
  "ts_iso": "2025-10-20T17:58:30.687773Z",
  "summary": {
    "matched": 0,
    "amount_mismatch": 0,
    "missing_in_ledger": 0,
    "total": 0
  },
  "items": []
}