{
  "ts": 1760981650.4393775,
  "ts_iso": "2025-10-20T17:34:10.439379Z",
  "summary": {
    "matched": 0,
    "amount_mismatch": 0,
    "missing_in_ledger": 0,
    "total": 0
  },
  "items": []
}