{
  "ts": 1761035663.6186006,
  "ts_iso": "2025-10-21T08:34:23.618602Z",
  "summary": {
    "matched": 0,
    "amount_mismatch": 0,
    "missing_in_ledger": 0,
    "total": 0
  },
  "items": []
}