{
  "ts": 1761589805.8600924,
  "ts_iso": "2025-10-27T18:30:05.860164Z",
  "summary": {
    "matched": 0,
    "amount_mismatch": 0,
    "missing_in_ledger": 0,
    "total": 0
  },
  "items": []
}